ea,sd,s3
9.9922899,244,100
10.0539707,364,150
10.0077101,486.1052632,200
