ea,sd,s3
5.042405551,522.3157895,200
4.055512722,392.6315789,150
4.302235929,247.7894737,100
