d,tau,sn
10.06134969,67.24667349,50
19.01840491,145.8546571,100
16.07361963,233.4698055,200
17.7607362,407.8812692,400
