d,tau,sn
30.09202454,53.32650972,50
30,135.6192426,100
30,212.5895599,200
30,376.3561924,400
